date,year,holiday_name,holiday_type,venue_scope,venues_closed,observed_scope,n_missing,n_active,affected_instruments
1990-02-19,1990,Presidents' Day,recurring,us_futures,NYMEX/COMEX+CME_EQ,global,7,7,"cl1s,gc1s,hg1s,ho1s,pl1s,rb1s,si1s"
1990-04-13,1990,Good Friday,recurring,global,NYMEX/COMEX+CME_EQ+EUREX,global,8,8,"cl1s,gc1s,hg1s,ho1s,ng1s,pl1s,rb1s,si1s"
1990-05-28,1990,Memorial Day,recurring,us_futures,NYMEX/COMEX+CME_EQ,global,8,8,"cl1s,gc1s,hg1s,ho1s,ng1s,pl1s,rb1s,si1s"
1990-07-04,1990,Independence Day,recurring,us_futures,NYMEX/COMEX+CME_EQ,global,8,8,"cl1s,gc1s,hg1s,ho1s,ng1s,pl1s,rb1s,si1s"
1990-09-03,1990,Labor Day,recurring,us_futures,NYMEX/COMEX+CME_EQ,global,8,8,"cl1s,gc1s,hg1s,ho1s,ng1s,pl1s,rb1s,si1s"
1990-11-22,1990,Thanksgiving Day,recurring,us_futures,NYMEX/COMEX+CME_EQ,global,8,8,"cl1s,gc1s,hg1s,ho1s,ng1s,pl1s,rb1s,si1s"
1990-12-25,1990,Christmas Day,recurring,global,NYMEX/COMEX+CME_EQ+EUREX,global,8,8,"cl1s,gc1s,hg1s,ho1s,ng1s,pl1s,rb1s,si1s"
1991-01-01,1991,New Year's Day,recurring,global,NYMEX/COMEX+CME_EQ+EUREX,global,8,8,"cl1s,gc1s,hg1s,ho1s,ng1s,pl1s,rb1s,si1s"
1991-02-18,1991,Presidents' Day,recurring,us_futures,NYMEX/COMEX+CME_EQ,global,8,8,"cl1s,gc1s,hg1s,ho1s,ng1s,pl1s,rb1s,si1s"
1991-03-29,1991,Good Friday,recurring,global,NYMEX/COMEX+CME_EQ+EUREX,global,8,8,"cl1s,gc1s,hg1s,ho1s,ng1s,pl1s,rb1s,si1s"
1991-05-27,1991,Memorial Day,recurring,us_futures,NYMEX/COMEX+CME_EQ,global,8,8,"cl1s,gc1s,hg1s,ho1s,ng1s,pl1s,rb1s,si1s"
1991-07-04,1991,Independence Day,recurring,us_futures,NYMEX/COMEX+CME_EQ,global,8,8,"cl1s,gc1s,hg1s,ho1s,ng1s,pl1s,rb1s,si1s"
1991-09-02,1991,Labor Day,recurring,us_futures,NYMEX/COMEX+CME_EQ,global,8,8,"cl1s,gc1s,hg1s,ho1s,ng1s,pl1s,rb1s,si1s"
1991-11-28,1991,Thanksgiving Day,recurring,us_futures,NYMEX/COMEX+CME_EQ,global,8,8,"cl1s,gc1s,hg1s,ho1s,ng1s,pl1s,rb1s,si1s"
1991-12-25,1991,Christmas Day,recurring,global,NYMEX/COMEX+CME_EQ+EUREX,global,8,8,"cl1s,gc1s,hg1s,ho1s,ng1s,pl1s,rb1s,si1s"
1992-01-01,1992,New Year's Day,recurring,global,NYMEX/COMEX+CME_EQ+EUREX,global,8,8,"cl1s,gc1s,hg1s,ho1s,ng1s,pl1s,rb1s,si1s"
1992-02-17,1992,Presidents' Day,recurring,us_futures,NYMEX/COMEX+CME_EQ,global,8,8,"cl1s,gc1s,hg1s,ho1s,ng1s,pl1s,rb1s,si1s"
1992-04-17,1992,Good Friday,recurring,global,NYMEX/COMEX+CME_EQ+EUREX,global,8,8,"cl1s,gc1s,hg1s,ho1s,ng1s,pl1s,rb1s,si1s"
1992-05-25,1992,Memorial Day,recurring,us_futures,NYMEX/COMEX+CME_EQ,global,8,8,"cl1s,gc1s,hg1s,ho1s,ng1s,pl1s,rb1s,si1s"
1992-07-03,1992,Independence Day,recurring,us_futures,NYMEX/COMEX+CME_EQ,global,8,8,"cl1s,gc1s,hg1s,ho1s,ng1s,pl1s,rb1s,si1s"
1992-09-07,1992,Labor Day,recurring,us_futures,NYMEX/COMEX+CME_EQ,global,8,8,"cl1s,gc1s,hg1s,ho1s,ng1s,pl1s,rb1s,si1s"
1992-11-26,1992,Thanksgiving Day,recurring,us_futures,NYMEX/COMEX+CME_EQ,global,8,8,"cl1s,gc1s,hg1s,ho1s,ng1s,pl1s,rb1s,si1s"
1992-12-25,1992,Christmas Day,recurring,global,NYMEX/COMEX+CME_EQ+EUREX,global,8,8,"cl1s,gc1s,hg1s,ho1s,ng1s,pl1s,rb1s,si1s"
1993-01-01,1993,New Year's Day,recurring,global,NYMEX/COMEX+CME_EQ+EUREX,global,8,8,"cl1s,gc1s,hg1s,ho1s,ng1s,pl1s,rb1s,si1s"
1993-02-15,1993,Presidents' Day,recurring,us_futures,NYMEX/COMEX+CME_EQ,global,8,8,"cl1s,gc1s,hg1s,ho1s,ng1s,pl1s,rb1s,si1s"
1993-04-09,1993,Good Friday,recurring,global,NYMEX/COMEX+CME_EQ+EUREX,global,8,8,"cl1s,gc1s,hg1s,ho1s,ng1s,pl1s,rb1s,si1s"
1993-05-31,1993,Memorial Day,recurring,us_futures,NYMEX/COMEX+CME_EQ,global,8,8,"cl1s,gc1s,hg1s,ho1s,ng1s,pl1s,rb1s,si1s"
1993-07-05,1993,Independence Day,recurring,us_futures,NYMEX/COMEX+CME_EQ,global,8,8,"cl1s,gc1s,hg1s,ho1s,ng1s,pl1s,rb1s,si1s"
1993-09-06,1993,Labor Day,recurring,us_futures,NYMEX/COMEX+CME_EQ,global,8,8,"cl1s,gc1s,hg1s,ho1s,ng1s,pl1s,rb1s,si1s"
1993-11-25,1993,Thanksgiving Day,recurring,us_futures,NYMEX/COMEX+CME_EQ,global,8,8,"cl1s,gc1s,hg1s,ho1s,ng1s,pl1s,rb1s,si1s"
1993-12-24,1993,Christmas Day,recurring,us_futures,NYMEX/COMEX+CME_EQ,global,8,8,"cl1s,gc1s,hg1s,ho1s,ng1s,pl1s,rb1s,si1s"
1993-12-31,1993,New Year's Day,recurring,us_futures,NYMEX/COMEX+CME_EQ,global,8,8,"cl1s,gc1s,hg1s,ho1s,ng1s,pl1s,rb1s,si1s"
1994-02-21,1994,Presidents' Day,recurring,us_futures,NYMEX/COMEX+CME_EQ,global,8,8,"cl1s,gc1s,hg1s,ho1s,ng1s,pl1s,rb1s,si1s"
1994-04-01,1994,Good Friday,recurring,global,NYMEX/COMEX+CME_EQ+EUREX,global,8,8,"cl1s,gc1s,hg1s,ho1s,ng1s,pl1s,rb1s,si1s"
1994-04-27,1994,Nixon state funeral,adhoc,us_futures,NYMEX/COMEX+CME_EQ,global,8,8,"cl1s,gc1s,hg1s,ho1s,ng1s,pl1s,rb1s,si1s"
1994-05-30,1994,Memorial Day,recurring,us_futures,NYMEX/COMEX+CME_EQ,global,8,8,"cl1s,gc1s,hg1s,ho1s,ng1s,pl1s,rb1s,si1s"
1994-07-04,1994,Independence Day,recurring,us_futures,NYMEX/COMEX+CME_EQ,global,8,8,"cl1s,gc1s,hg1s,ho1s,ng1s,pl1s,rb1s,si1s"
1994-09-05,1994,Labor Day,recurring,us_futures,NYMEX/COMEX+CME_EQ,global,8,8,"cl1s,gc1s,hg1s,ho1s,ng1s,pl1s,rb1s,si1s"
1994-11-24,1994,Thanksgiving Day,recurring,us_futures,NYMEX/COMEX+CME_EQ,global,8,8,"cl1s,gc1s,hg1s,ho1s,ng1s,pl1s,rb1s,si1s"
1994-12-26,1994,Christmas Day,recurring,global,NYMEX/COMEX+CME_EQ+EUREX,global,8,8,"cl1s,gc1s,hg1s,ho1s,ng1s,pl1s,rb1s,si1s"
1995-01-02,1995,New Year's Day,recurring,us_futures,NYMEX/COMEX+CME_EQ,global,8,8,"cl1s,gc1s,hg1s,ho1s,ng1s,pl1s,rb1s,si1s"
1995-02-20,1995,Presidents' Day,recurring,us_futures,NYMEX/COMEX+CME_EQ,global,8,8,"cl1s,gc1s,hg1s,ho1s,ng1s,pl1s,rb1s,si1s"
1995-04-14,1995,Good Friday,recurring,global,NYMEX/COMEX+CME_EQ+EUREX,global,8,8,"cl1s,gc1s,hg1s,ho1s,ng1s,pl1s,rb1s,si1s"
1995-05-29,1995,Memorial Day,recurring,us_futures,NYMEX/COMEX+CME_EQ,global,8,8,"cl1s,gc1s,hg1s,ho1s,ng1s,pl1s,rb1s,si1s"
1995-07-04,1995,Independence Day,recurring,us_futures,NYMEX/COMEX+CME_EQ,global,8,8,"cl1s,gc1s,hg1s,ho1s,ng1s,pl1s,rb1s,si1s"
1995-09-04,1995,Labor Day,recurring,us_futures,NYMEX/COMEX+CME_EQ,global,8,8,"cl1s,gc1s,hg1s,ho1s,ng1s,pl1s,rb1s,si1s"
1995-11-23,1995,Thanksgiving Day,recurring,us_futures,NYMEX/COMEX+CME_EQ,global,8,8,"cl1s,gc1s,hg1s,ho1s,ng1s,pl1s,rb1s,si1s"
1995-12-25,1995,Christmas Day,recurring,global,NYMEX/COMEX+CME_EQ+EUREX,global,8,8,"cl1s,gc1s,hg1s,ho1s,ng1s,pl1s,rb1s,si1s"
1996-01-01,1996,New Year's Day,recurring,global,NYMEX/COMEX+CME_EQ+EUREX,global,8,8,"cl1s,gc1s,hg1s,ho1s,ng1s,pl1s,rb1s,si1s"
1996-02-19,1996,Presidents' Day,recurring,us_futures,NYMEX/COMEX+CME_EQ,global,8,8,"cl1s,gc1s,hg1s,ho1s,ng1s,pl1s,rb1s,si1s"
1996-04-05,1996,Good Friday,recurring,global,NYMEX/COMEX+CME_EQ+EUREX,global,8,8,"cl1s,gc1s,hg1s,ho1s,ng1s,pl1s,rb1s,si1s"
1996-05-27,1996,Memorial Day,recurring,us_futures,NYMEX/COMEX+CME_EQ,global,8,8,"cl1s,gc1s,hg1s,ho1s,ng1s,pl1s,rb1s,si1s"
1996-07-04,1996,Independence Day,recurring,us_futures,NYMEX/COMEX+CME_EQ,global,8,8,"cl1s,gc1s,hg1s,ho1s,ng1s,pl1s,rb1s,si1s"
1996-09-02,1996,Labor Day,recurring,us_futures,NYMEX/COMEX+CME_EQ,global,8,8,"cl1s,gc1s,hg1s,ho1s,ng1s,pl1s,rb1s,si1s"
1996-11-28,1996,Thanksgiving Day,recurring,us_futures,NYMEX/COMEX+CME_EQ,global,8,8,"cl1s,gc1s,hg1s,ho1s,ng1s,pl1s,rb1s,si1s"
1996-12-25,1996,Christmas Day,recurring,global,NYMEX/COMEX+CME_EQ+EUREX,global,8,8,"cl1s,gc1s,hg1s,ho1s,ng1s,pl1s,rb1s,si1s"
1997-01-01,1997,New Year's Day,recurring,global,NYMEX/COMEX+CME_EQ+EUREX,global,8,8,"cl1s,gc1s,hg1s,ho1s,ng1s,pl1s,rb1s,si1s"
1997-02-17,1997,Presidents' Day,recurring,us_futures,NYMEX/COMEX+CME_EQ,global,8,8,"cl1s,gc1s,hg1s,ho1s,ng1s,pl1s,rb1s,si1s"
1997-03-28,1997,Good Friday,recurring,global,NYMEX/COMEX+CME_EQ+EUREX,global,8,8,"cl1s,gc1s,hg1s,ho1s,ng1s,pl1s,rb1s,si1s"
1997-05-26,1997,Memorial Day,recurring,us_futures,NYMEX/COMEX+CME_EQ,global,8,8,"cl1s,gc1s,hg1s,ho1s,ng1s,pl1s,rb1s,si1s"
1997-07-04,1997,Independence Day,recurring,us_futures,NYMEX/COMEX+CME_EQ,global,8,8,"cl1s,gc1s,hg1s,ho1s,ng1s,pl1s,rb1s,si1s"
1997-09-01,1997,Labor Day,recurring,us_futures,NYMEX/COMEX+CME_EQ,global,8,8,"cl1s,gc1s,hg1s,ho1s,ng1s,pl1s,rb1s,si1s"
1997-11-27,1997,Thanksgiving Day,recurring,us_futures,NYMEX/COMEX+CME_EQ,exchange_specific,8,9,"cl1s,gc1s,hg1s,ho1s,ng1s,pl1s,rb1s,si1s"
1997-12-25,1997,Christmas Day,recurring,global,NYMEX/COMEX+CME_EQ+EUREX,global,9,9,"cl1s,es1s,gc1s,hg1s,ho1s,ng1s,pl1s,rb1s,si1s"
1998-01-01,1998,New Year's Day,recurring,global,NYMEX/COMEX+CME_EQ+EUREX,global,9,9,"cl1s,es1s,gc1s,hg1s,ho1s,ng1s,pl1s,rb1s,si1s"
1998-01-19,1998,Martin Luther King Jr. Day,recurring,us_futures,NYMEX/COMEX+CME_EQ,global,9,9,"cl1s,es1s,gc1s,hg1s,ho1s,ng1s,pl1s,rb1s,si1s"
1998-02-16,1998,Presidents' Day,recurring,us_futures,NYMEX/COMEX+CME_EQ,global,9,9,"cl1s,es1s,gc1s,hg1s,ho1s,ng1s,pl1s,rb1s,si1s"
1998-04-10,1998,Good Friday,recurring,global,NYMEX/COMEX+CME_EQ+EUREX,global,9,9,"cl1s,es1s,gc1s,hg1s,ho1s,ng1s,pl1s,rb1s,si1s"
1998-05-25,1998,Memorial Day,recurring,us_futures,NYMEX/COMEX+CME_EQ,global,9,9,"cl1s,es1s,gc1s,hg1s,ho1s,ng1s,pl1s,rb1s,si1s"
1998-07-03,1998,Independence Day,recurring,us_futures,NYMEX/COMEX+CME_EQ,exchange_specific,9,10,"cl1s,es1s,gc1s,hg1s,ho1s,ng1s,pl1s,rb1s,si1s"
1998-09-07,1998,Labor Day,recurring,us_futures,NYMEX/COMEX+CME_EQ,exchange_specific,9,10,"cl1s,es1s,gc1s,hg1s,ho1s,ng1s,pl1s,rb1s,si1s"
1998-11-26,1998,Thanksgiving Day,recurring,us_futures,NYMEX/COMEX+CME_EQ,exchange_specific,9,10,"cl1s,es1s,gc1s,hg1s,ho1s,ng1s,pl1s,rb1s,si1s"
1998-12-25,1998,Christmas Day,recurring,global,NYMEX/COMEX+CME_EQ+EUREX,global,10,10,"cl1s,es1s,fesx1s,gc1s,hg1s,ho1s,ng1s,pl1s,rb1s,si1s"
1999-01-01,1999,New Year's Day,recurring,global,NYMEX/COMEX+CME_EQ+EUREX,global,10,10,"cl1s,es1s,fesx1s,gc1s,hg1s,ho1s,ng1s,pl1s,rb1s,si1s"
1999-01-18,1999,Martin Luther King Jr. Day,recurring,us_futures,NYMEX/COMEX+CME_EQ,exchange_specific,9,10,"cl1s,es1s,gc1s,hg1s,ho1s,ng1s,pl1s,rb1s,si1s"
1999-02-15,1999,Presidents' Day,recurring,us_futures,NYMEX/COMEX+CME_EQ,exchange_specific,9,10,"cl1s,es1s,gc1s,hg1s,ho1s,ng1s,pl1s,rb1s,si1s"
1999-04-02,1999,Good Friday,recurring,global,NYMEX/COMEX+CME_EQ+EUREX,mixed,9,10,"cl1s,fesx1s,gc1s,hg1s,ho1s,ng1s,pl1s,rb1s,si1s"
1999-04-05,1999,Easter Monday (Eurex),recurring,eurex,EUREX,exchange_specific,1,10,fesx1s
1999-05-24,1999,Whit Monday (Eurex),recurring,eurex,EUREX,exchange_specific,1,10,fesx1s
1999-05-31,1999,Memorial Day,recurring,us_futures,NYMEX/COMEX+CME_EQ,exchange_specific,9,10,"cl1s,es1s,gc1s,hg1s,ho1s,ng1s,pl1s,rb1s,si1s"
1999-07-05,1999,Independence Day,recurring,us_futures,NYMEX/COMEX+CME_EQ,exchange_specific,10,11,"cl1s,es1s,gc1s,hg1s,ho1s,ng1s,nq1s,pl1s,rb1s,si1s"
1999-09-06,1999,Labor Day,recurring,us_futures,NYMEX/COMEX+CME_EQ,exchange_specific,10,11,"cl1s,es1s,gc1s,hg1s,ho1s,ng1s,nq1s,pl1s,rb1s,si1s"
1999-11-25,1999,Thanksgiving Day,recurring,us_futures,NYMEX/COMEX+CME_EQ,exchange_specific,10,11,"cl1s,es1s,gc1s,hg1s,ho1s,ng1s,nq1s,pl1s,rb1s,si1s"
1999-12-24,1999,Christmas Day,recurring,us_futures,NYMEX/COMEX+CME_EQ,global,11,11,"cl1s,es1s,fesx1s,gc1s,hg1s,ho1s,ng1s,nq1s,pl1s,rb1s,si1s"
1999-12-31,1999,New Year's Day,recurring,us_futures,NYMEX/COMEX+CME_EQ,mixed,9,11,"cl1s,fesx1s,gc1s,hg1s,ho1s,ng1s,pl1s,rb1s,si1s"
2000-01-17,2000,Martin Luther King Jr. Day,recurring,us_futures,NYMEX/COMEX+CME_EQ,exchange_specific,10,11,"cl1s,es1s,gc1s,hg1s,ho1s,ng1s,nq1s,pl1s,rb1s,si1s"
2000-02-21,2000,Presidents' Day,recurring,us_futures,NYMEX/COMEX+CME_EQ,exchange_specific,10,11,"cl1s,es1s,gc1s,hg1s,ho1s,ng1s,nq1s,pl1s,rb1s,si1s"
2000-04-21,2000,Good Friday,recurring,global,NYMEX/COMEX+CME_EQ+EUREX,global,11,11,"cl1s,es1s,fesx1s,gc1s,hg1s,ho1s,ng1s,nq1s,pl1s,rb1s,si1s"
2000-04-24,2000,Easter Monday (Eurex),recurring,eurex,EUREX,exchange_specific,1,11,fesx1s
2000-05-01,2000,Labour Day (Eurex),recurring,eurex,EUREX,exchange_specific,1,11,fesx1s
2000-05-29,2000,Memorial Day,recurring,us_futures,NYMEX/COMEX+CME_EQ,exchange_specific,10,11,"cl1s,es1s,gc1s,hg1s,ho1s,ng1s,nq1s,pl1s,rb1s,si1s"
2000-07-04,2000,Independence Day,recurring,us_futures,NYMEX/COMEX+CME_EQ,exchange_specific,10,11,"cl1s,es1s,gc1s,hg1s,ho1s,ng1s,nq1s,pl1s,rb1s,si1s"
2000-09-04,2000,Labor Day,recurring,us_futures,NYMEX/COMEX+CME_EQ,exchange_specific,10,11,"cl1s,es1s,gc1s,hg1s,ho1s,ng1s,nq1s,pl1s,rb1s,si1s"
2000-11-23,2000,Thanksgiving Day,recurring,us_futures,NYMEX/COMEX+CME_EQ,exchange_specific,10,11,"cl1s,es1s,gc1s,hg1s,ho1s,ng1s,nq1s,pl1s,rb1s,si1s"
2000-12-25,2000,Christmas Day,recurring,global,NYMEX/COMEX+CME_EQ+EUREX,global,11,11,"cl1s,es1s,fesx1s,gc1s,hg1s,ho1s,ng1s,nq1s,pl1s,rb1s,si1s"
2000-12-26,2000,Boxing Day (Eurex),recurring,eurex,EUREX,exchange_specific,1,11,fesx1s
2001-01-01,2001,New Year's Day,recurring,global,NYMEX/COMEX+CME_EQ+EUREX,global,11,11,"cl1s,es1s,fesx1s,gc1s,hg1s,ho1s,ng1s,nq1s,pl1s,rb1s,si1s"
2001-01-15,2001,Martin Luther King Jr. Day,recurring,us_futures,NYMEX/COMEX+CME_EQ,exchange_specific,10,11,"cl1s,es1s,gc1s,hg1s,ho1s,ng1s,nq1s,pl1s,rb1s,si1s"
2001-02-19,2001,Presidents' Day,recurring,us_futures,NYMEX/COMEX+CME_EQ,exchange_specific,10,11,"cl1s,es1s,gc1s,hg1s,ho1s,ng1s,nq1s,pl1s,rb1s,si1s"
2001-04-13,2001,Good Friday,recurring,global,NYMEX/COMEX+CME_EQ+EUREX,global,11,11,"cl1s,es1s,fesx1s,gc1s,hg1s,ho1s,ng1s,nq1s,pl1s,rb1s,si1s"
2001-04-16,2001,Easter Monday (Eurex),recurring,eurex,EUREX,exchange_specific,1,11,fesx1s
2001-05-01,2001,Labour Day (Eurex),recurring,eurex,EUREX,exchange_specific,1,11,fesx1s
2001-05-28,2001,Memorial Day,recurring,us_futures,NYMEX/COMEX+CME_EQ,exchange_specific,10,11,"cl1s,es1s,gc1s,hg1s,ho1s,ng1s,nq1s,pl1s,rb1s,si1s"
2001-07-04,2001,Independence Day,recurring,us_futures,NYMEX/COMEX+CME_EQ,exchange_specific,10,11,"cl1s,es1s,gc1s,hg1s,ho1s,ng1s,nq1s,pl1s,rb1s,si1s"
2001-09-03,2001,Labor Day,recurring,us_futures,NYMEX/COMEX+CME_EQ,exchange_specific,10,11,"cl1s,es1s,gc1s,hg1s,ho1s,ng1s,nq1s,pl1s,rb1s,si1s"
2001-09-12,2001,9/11 aftermath - markets closed,adhoc,us_futures,NYMEX/COMEX+CME_EQ,exchange_specific,10,11,"cl1s,es1s,gc1s,hg1s,ho1s,ng1s,nq1s,pl1s,rb1s,si1s"
2001-09-13,2001,9/11 aftermath - markets closed,adhoc,us_futures,NYMEX/COMEX+CME_EQ,exchange_specific,10,11,"cl1s,es1s,gc1s,hg1s,ho1s,ng1s,nq1s,pl1s,rb1s,si1s"
2001-09-14,2001,9/11 - CME equity still closed (NYMEX/COMEX reopened via ACCESS),adhoc,cme_equity,CME_EQ,exchange_specific,2,11,"es1s,nq1s"
2001-11-22,2001,Thanksgiving Day,recurring,us_futures,NYMEX/COMEX+CME_EQ,exchange_specific,10,11,"cl1s,es1s,gc1s,hg1s,ho1s,ng1s,nq1s,pl1s,rb1s,si1s"
2001-12-25,2001,Christmas Day,recurring,global,NYMEX/COMEX+CME_EQ+EUREX,global,11,11,"cl1s,es1s,fesx1s,gc1s,hg1s,ho1s,ng1s,nq1s,pl1s,rb1s,si1s"
2001-12-26,2001,Boxing Day (Eurex),recurring,eurex,EUREX,exchange_specific,1,11,fesx1s
2002-01-01,2002,New Year's Day,recurring,global,NYMEX/COMEX+CME_EQ+EUREX,global,11,11,"cl1s,es1s,fesx1s,gc1s,hg1s,ho1s,ng1s,nq1s,pl1s,rb1s,si1s"
2002-01-21,2002,Martin Luther King Jr. Day,recurring,us_futures,NYMEX/COMEX+CME_EQ,exchange_specific,10,11,"cl1s,es1s,gc1s,hg1s,ho1s,ng1s,nq1s,pl1s,rb1s,si1s"
2002-02-18,2002,Presidents' Day,recurring,us_futures,NYMEX/COMEX+CME_EQ,exchange_specific,10,11,"cl1s,es1s,gc1s,hg1s,ho1s,ng1s,nq1s,pl1s,rb1s,si1s"
2002-03-29,2002,Good Friday,recurring,global,NYMEX/COMEX+CME_EQ+EUREX,global,11,11,"cl1s,es1s,fesx1s,gc1s,hg1s,ho1s,ng1s,nq1s,pl1s,rb1s,si1s"
2002-04-01,2002,Easter Monday (Eurex),recurring,eurex,EUREX,exchange_specific,1,11,fesx1s
2002-05-01,2002,Labour Day (Eurex),recurring,eurex,EUREX,exchange_specific,1,11,fesx1s
2002-05-27,2002,Memorial Day,recurring,us_futures,NYMEX/COMEX+CME_EQ,exchange_specific,10,11,"cl1s,es1s,gc1s,hg1s,ho1s,ng1s,nq1s,pl1s,rb1s,si1s"
2002-07-04,2002,Independence Day,recurring,us_futures,NYMEX/COMEX+CME_EQ,exchange_specific,10,11,"cl1s,es1s,gc1s,hg1s,ho1s,ng1s,nq1s,pl1s,rb1s,si1s"
2002-09-02,2002,Labor Day,recurring,us_futures,NYMEX/COMEX+CME_EQ,exchange_specific,10,11,"cl1s,es1s,gc1s,hg1s,ho1s,ng1s,nq1s,pl1s,rb1s,si1s"
2002-11-28,2002,Thanksgiving Day,recurring,us_futures,NYMEX/COMEX+CME_EQ,exchange_specific,10,11,"cl1s,es1s,gc1s,hg1s,ho1s,ng1s,nq1s,pl1s,rb1s,si1s"
2002-12-25,2002,Christmas Day,recurring,global,NYMEX/COMEX+CME_EQ+EUREX,global,11,11,"cl1s,es1s,fesx1s,gc1s,hg1s,ho1s,ng1s,nq1s,pl1s,rb1s,si1s"
2002-12-26,2002,Boxing Day (Eurex),recurring,eurex,EUREX,exchange_specific,1,11,fesx1s
2003-01-01,2003,New Year's Day,recurring,global,NYMEX/COMEX+CME_EQ+EUREX,global,11,11,"cl1s,es1s,fesx1s,gc1s,hg1s,ho1s,ng1s,nq1s,pl1s,rb1s,si1s"
2003-01-20,2003,Martin Luther King Jr. Day,recurring,us_futures,NYMEX/COMEX+CME_EQ,exchange_specific,10,11,"cl1s,es1s,gc1s,hg1s,ho1s,ng1s,nq1s,pl1s,rb1s,si1s"
2003-02-17,2003,Presidents' Day,recurring,us_futures,NYMEX/COMEX+CME_EQ,exchange_specific,10,11,"cl1s,es1s,gc1s,hg1s,ho1s,ng1s,nq1s,pl1s,rb1s,si1s"
2003-04-18,2003,Good Friday,recurring,global,NYMEX/COMEX+CME_EQ+EUREX,global,11,11,"cl1s,es1s,fesx1s,gc1s,hg1s,ho1s,ng1s,nq1s,pl1s,rb1s,si1s"
2003-04-21,2003,Easter Monday (Eurex),recurring,eurex,EUREX,exchange_specific,1,11,fesx1s
2003-05-01,2003,Labour Day (Eurex),recurring,eurex,EUREX,exchange_specific,1,11,fesx1s
2003-05-26,2003,Memorial Day,recurring,us_futures,NYMEX/COMEX+CME_EQ,exchange_specific,10,11,"cl1s,es1s,gc1s,hg1s,ho1s,ng1s,nq1s,pl1s,rb1s,si1s"
2003-07-04,2003,Independence Day,recurring,us_futures,NYMEX/COMEX+CME_EQ,exchange_specific,10,11,"cl1s,es1s,gc1s,hg1s,ho1s,ng1s,nq1s,pl1s,rb1s,si1s"
2003-09-01,2003,Labor Day,recurring,us_futures,NYMEX/COMEX+CME_EQ,exchange_specific,10,11,"cl1s,es1s,gc1s,hg1s,ho1s,ng1s,nq1s,pl1s,rb1s,si1s"
2003-11-27,2003,Thanksgiving Day,recurring,us_futures,NYMEX/COMEX+CME_EQ,exchange_specific,10,11,"cl1s,es1s,gc1s,hg1s,ho1s,ng1s,nq1s,pl1s,rb1s,si1s"
2003-12-25,2003,Christmas Day,recurring,global,NYMEX/COMEX+CME_EQ+EUREX,global,11,11,"cl1s,es1s,fesx1s,gc1s,hg1s,ho1s,ng1s,nq1s,pl1s,rb1s,si1s"
2003-12-26,2003,Boxing Day (Eurex),recurring,eurex,EUREX,mixed,9,11,"cl1s,fesx1s,gc1s,hg1s,ho1s,ng1s,pl1s,rb1s,si1s"
2004-01-01,2004,New Year's Day,recurring,global,NYMEX/COMEX+CME_EQ+EUREX,global,11,11,"cl1s,es1s,fesx1s,gc1s,hg1s,ho1s,ng1s,nq1s,pl1s,rb1s,si1s"
2004-01-19,2004,Martin Luther King Jr. Day,recurring,us_futures,NYMEX/COMEX+CME_EQ,exchange_specific,10,11,"cl1s,es1s,gc1s,hg1s,ho1s,ng1s,nq1s,pl1s,rb1s,si1s"
2004-02-16,2004,Presidents' Day,recurring,us_futures,NYMEX/COMEX+CME_EQ,exchange_specific,10,11,"cl1s,es1s,gc1s,hg1s,ho1s,ng1s,nq1s,pl1s,rb1s,si1s"
2004-04-09,2004,Good Friday,recurring,global,NYMEX/COMEX+CME_EQ+EUREX,global,11,11,"cl1s,es1s,fesx1s,gc1s,hg1s,ho1s,ng1s,nq1s,pl1s,rb1s,si1s"
2004-04-12,2004,Easter Monday (Eurex),recurring,eurex,EUREX,exchange_specific,1,11,fesx1s
2004-05-31,2004,Memorial Day,recurring,global,NYMEX/COMEX+CME_EQ+EUREX,exchange_specific,10,11,"cl1s,es1s,gc1s,hg1s,ho1s,ng1s,nq1s,pl1s,rb1s,si1s"
2004-06-11,2004,Reagan state funeral,adhoc,us_futures,NYMEX/COMEX+CME_EQ,exchange_specific,10,11,"cl1s,es1s,gc1s,hg1s,ho1s,ng1s,nq1s,pl1s,rb1s,si1s"
2004-07-05,2004,Independence Day,recurring,us_futures,NYMEX/COMEX+CME_EQ,exchange_specific,10,11,"cl1s,es1s,gc1s,hg1s,ho1s,ng1s,nq1s,pl1s,rb1s,si1s"
2004-09-06,2004,Labor Day,recurring,us_futures,NYMEX/COMEX+CME_EQ,exchange_specific,10,11,"cl1s,es1s,gc1s,hg1s,ho1s,ng1s,nq1s,pl1s,rb1s,si1s"
2004-11-25,2004,Thanksgiving Day,recurring,us_futures,NYMEX/COMEX+CME_EQ,exchange_specific,10,11,"cl1s,es1s,gc1s,hg1s,ho1s,ng1s,nq1s,pl1s,rb1s,si1s"
2004-12-24,2004,Christmas Day,recurring,us_futures,NYMEX/COMEX+CME_EQ,global,11,11,"cl1s,es1s,fesx1s,gc1s,hg1s,ho1s,ng1s,nq1s,pl1s,rb1s,si1s"
2004-12-31,2004,New Year's Day,recurring,us_futures,NYMEX/COMEX+CME_EQ,mixed,9,11,"cl1s,fesx1s,gc1s,hg1s,ho1s,ng1s,pl1s,rb1s,si1s"
2005-01-17,2005,Martin Luther King Jr. Day,recurring,us_futures,NYMEX/COMEX+CME_EQ,exchange_specific,10,11,"cl1s,es1s,gc1s,hg1s,ho1s,ng1s,nq1s,pl1s,rb1s,si1s"
2005-02-21,2005,Presidents' Day,recurring,us_futures,NYMEX/COMEX+CME_EQ,exchange_specific,8,11,"cl1s,gc1s,hg1s,ho1s,ng1s,pl1s,rb1s,si1s"
2005-03-25,2005,Good Friday,recurring,global,NYMEX/COMEX+CME_EQ+EUREX,global,11,11,"cl1s,es1s,fesx1s,gc1s,hg1s,ho1s,ng1s,nq1s,pl1s,rb1s,si1s"
2005-03-28,2005,Easter Monday (Eurex),recurring,eurex,EUREX,exchange_specific,1,11,fesx1s
2005-05-30,2005,Memorial Day,recurring,us_futures,NYMEX/COMEX+CME_EQ,exchange_specific,10,11,"cl1s,es1s,gc1s,hg1s,ho1s,ng1s,nq1s,pl1s,rb1s,si1s"
2005-07-04,2005,Independence Day,recurring,us_futures,NYMEX/COMEX+CME_EQ,exchange_specific,10,11,"cl1s,es1s,gc1s,hg1s,ho1s,ng1s,nq1s,pl1s,rb1s,si1s"
2005-09-05,2005,Labor Day,recurring,us_futures,NYMEX/COMEX+CME_EQ,exchange_specific,10,11,"cl1s,es1s,gc1s,hg1s,ho1s,ng1s,nq1s,pl1s,rb1s,si1s"
2005-11-24,2005,Thanksgiving Day,recurring,us_futures,NYMEX/COMEX+CME_EQ,exchange_specific,10,11,"cl1s,es1s,gc1s,hg1s,ho1s,ng1s,nq1s,pl1s,rb1s,si1s"
2005-12-26,2005,Christmas Day,recurring,global,NYMEX/COMEX+CME_EQ+EUREX,global,11,11,"cl1s,es1s,fesx1s,gc1s,hg1s,ho1s,ng1s,nq1s,pl1s,rb1s,si1s"
2006-01-02,2006,New Year's Day,recurring,us_futures,NYMEX/COMEX+CME_EQ,exchange_specific,10,11,"cl1s,es1s,gc1s,hg1s,ho1s,ng1s,nq1s,pl1s,rb1s,si1s"
2006-01-16,2006,Martin Luther King Jr. Day,recurring,us_futures,NYMEX/COMEX+CME_EQ,exchange_specific,10,11,"cl1s,es1s,gc1s,hg1s,ho1s,ng1s,nq1s,pl1s,rb1s,si1s"
2006-02-20,2006,Presidents' Day,recurring,us_futures,NYMEX/COMEX+CME_EQ,exchange_specific,10,11,"cl1s,es1s,gc1s,hg1s,ho1s,ng1s,nq1s,pl1s,rb1s,si1s"
2006-04-14,2006,Good Friday,recurring,global,NYMEX/COMEX+CME_EQ+EUREX,global,11,11,"cl1s,es1s,fesx1s,gc1s,hg1s,ho1s,ng1s,nq1s,pl1s,rb1s,si1s"
2006-04-17,2006,Easter Monday (Eurex),recurring,eurex,EUREX,exchange_specific,1,11,fesx1s
2006-05-01,2006,Labour Day (Eurex),recurring,eurex,EUREX,exchange_specific,1,11,fesx1s
2006-05-29,2006,Memorial Day,recurring,us_futures,NYMEX/COMEX+CME_EQ,exchange_specific,10,11,"cl1s,es1s,gc1s,hg1s,ho1s,ng1s,nq1s,pl1s,rb1s,si1s"
2006-07-04,2006,Independence Day,recurring,us_futures,NYMEX/COMEX+CME_EQ,exchange_specific,9,11,"cl1s,gc1s,hg1s,ho1s,ng1s,nq1s,pl1s,rb1s,si1s"
2006-09-04,2006,Labor Day,recurring,us_futures,NYMEX/COMEX+CME_EQ,exchange_specific,10,11,"cl1s,es1s,gc1s,hg1s,ho1s,ng1s,nq1s,pl1s,rb1s,si1s"
2006-11-23,2006,Thanksgiving Day,recurring,us_futures,NYMEX/COMEX+CME_EQ,exchange_specific,10,11,"cl1s,es1s,gc1s,hg1s,ho1s,ng1s,nq1s,pl1s,rb1s,si1s"
2006-12-25,2006,Christmas Day,recurring,global,NYMEX/COMEX+CME_EQ+EUREX,global,11,11,"cl1s,es1s,fesx1s,gc1s,hg1s,ho1s,ng1s,nq1s,pl1s,rb1s,si1s"
2006-12-26,2006,Boxing Day (Eurex),recurring,eurex,EUREX,exchange_specific,1,11,fesx1s
2007-01-01,2007,New Year's Day,recurring,global,NYMEX/COMEX+CME_EQ+EUREX,global,11,11,"cl1s,es1s,fesx1s,gc1s,hg1s,ho1s,ng1s,nq1s,pl1s,rb1s,si1s"
2007-01-02,2007,Ford state funeral (CME equity closed; NYMEX/COMEX electronic open),adhoc,cme_equity,CME_EQ,exchange_specific,2,11,"es1s,nq1s"
2007-01-15,2007,Martin Luther King Jr. Day,recurring,us_futures,NYMEX/COMEX+CME_EQ,exchange_specific,10,11,"cl1s,es1s,gc1s,hg1s,ho1s,ng1s,nq1s,pl1s,rb1s,si1s"
2007-02-19,2007,Presidents' Day,recurring,us_futures,NYMEX/COMEX+CME_EQ,exchange_specific,10,11,"cl1s,es1s,gc1s,hg1s,ho1s,ng1s,nq1s,pl1s,rb1s,si1s"
2007-04-06,2007,Good Friday,recurring,global,NYMEX/COMEX+CME_EQ+EUREX,global,11,11,"cl1s,es1s,fesx1s,gc1s,hg1s,ho1s,ng1s,nq1s,pl1s,rb1s,si1s"
2007-04-09,2007,Easter Monday (Eurex),recurring,eurex,EUREX,exchange_specific,1,11,fesx1s
2007-05-01,2007,Labour Day (Eurex),recurring,eurex,EUREX,exchange_specific,1,11,fesx1s
2007-05-28,2007,Memorial Day,recurring,global,NYMEX/COMEX+CME_EQ+EUREX,global,11,11,"cl1s,es1s,fesx1s,gc1s,hg1s,ho1s,ng1s,nq1s,pl1s,rb1s,si1s"
2007-07-04,2007,Independence Day,recurring,us_futures,NYMEX/COMEX+CME_EQ,exchange_specific,10,11,"cl1s,es1s,gc1s,hg1s,ho1s,ng1s,nq1s,pl1s,rb1s,si1s"
2007-09-03,2007,Labor Day,recurring,us_futures,NYMEX/COMEX+CME_EQ,exchange_specific,10,11,"cl1s,es1s,gc1s,hg1s,ho1s,ng1s,nq1s,pl1s,rb1s,si1s"
2007-11-22,2007,Thanksgiving Day,recurring,us_futures,NYMEX/COMEX+CME_EQ,exchange_specific,10,11,"cl1s,es1s,gc1s,hg1s,ho1s,ng1s,nq1s,pl1s,rb1s,si1s"
2007-12-25,2007,Christmas Day,recurring,global,NYMEX/COMEX+CME_EQ+EUREX,global,11,11,"cl1s,es1s,fesx1s,gc1s,hg1s,ho1s,ng1s,nq1s,pl1s,rb1s,si1s"
2007-12-26,2007,Boxing Day (Eurex),recurring,eurex,EUREX,exchange_specific,1,11,fesx1s
2008-01-01,2008,New Year's Day,recurring,global,NYMEX/COMEX+CME_EQ+EUREX,global,11,11,"cl1s,es1s,fesx1s,gc1s,hg1s,ho1s,ng1s,nq1s,pl1s,rb1s,si1s"
2008-01-21,2008,Martin Luther King Jr. Day,recurring,us_futures,NYMEX/COMEX+CME_EQ,exchange_specific,10,11,"cl1s,es1s,gc1s,hg1s,ho1s,ng1s,nq1s,pl1s,rb1s,si1s"
2008-03-21,2008,Good Friday,recurring,global,NYMEX/COMEX+CME_EQ+EUREX,global,11,11,"cl1s,es1s,fesx1s,gc1s,hg1s,ho1s,ng1s,nq1s,pl1s,rb1s,si1s"
2008-03-24,2008,Easter Monday (Eurex),recurring,eurex,EUREX,exchange_specific,1,11,fesx1s
2008-05-01,2008,Labour Day (Eurex),recurring,eurex,EUREX,exchange_specific,1,11,fesx1s
2008-09-01,2008,Labor Day,recurring,us_futures,NYMEX/COMEX+CME_EQ,exchange_specific,8,11,"cl1s,gc1s,hg1s,ho1s,ng1s,pl1s,rb1s,si1s"
2008-11-27,2008,Thanksgiving Day,recurring,us_futures,NYMEX/COMEX+CME_EQ,exchange_specific,8,11,"cl1s,gc1s,hg1s,ho1s,ng1s,pl1s,rb1s,si1s"
2008-12-25,2008,Christmas Day,recurring,global,NYMEX/COMEX+CME_EQ+EUREX,global,11,11,"cl1s,es1s,fesx1s,gc1s,hg1s,ho1s,ng1s,nq1s,pl1s,rb1s,si1s"
2008-12-26,2008,Boxing Day (Eurex),recurring,eurex,EUREX,exchange_specific,1,11,fesx1s
2009-01-01,2009,New Year's Day,recurring,global,NYMEX/COMEX+CME_EQ+EUREX,global,11,11,"cl1s,es1s,fesx1s,gc1s,hg1s,ho1s,ng1s,nq1s,pl1s,rb1s,si1s"
2009-01-19,2009,Martin Luther King Jr. Day,recurring,us_futures,NYMEX/COMEX+CME_EQ,exchange_specific,8,11,"cl1s,gc1s,hg1s,ho1s,ng1s,pl1s,rb1s,si1s"
2009-02-16,2009,Presidents' Day,recurring,us_futures,NYMEX/COMEX+CME_EQ,exchange_specific,8,11,"cl1s,gc1s,hg1s,ho1s,ng1s,pl1s,rb1s,si1s"
2009-04-10,2009,Good Friday,recurring,global,NYMEX/COMEX+CME_EQ+EUREX,global,11,11,"cl1s,es1s,fesx1s,gc1s,hg1s,ho1s,ng1s,nq1s,pl1s,rb1s,si1s"
2009-04-13,2009,Easter Monday (Eurex),recurring,eurex,EUREX,exchange_specific,1,11,fesx1s
2009-05-01,2009,Labour Day (Eurex),recurring,eurex,EUREX,exchange_specific,1,11,fesx1s
2009-05-25,2009,Memorial Day,recurring,us_futures,NYMEX/COMEX+CME_EQ,exchange_specific,8,11,"cl1s,gc1s,hg1s,ho1s,ng1s,pl1s,rb1s,si1s"
2009-07-03,2009,Independence Day,recurring,us_futures,NYMEX/COMEX+CME_EQ,exchange_specific,8,11,"cl1s,gc1s,hg1s,ho1s,ng1s,pl1s,rb1s,si1s"
2009-09-07,2009,Labor Day,recurring,us_futures,NYMEX/COMEX+CME_EQ,exchange_specific,8,11,"cl1s,gc1s,hg1s,ho1s,ng1s,pl1s,rb1s,si1s"
2009-11-26,2009,Thanksgiving Day,recurring,us_futures,NYMEX/COMEX+CME_EQ,exchange_specific,8,11,"cl1s,gc1s,hg1s,ho1s,ng1s,pl1s,rb1s,si1s"
2009-12-25,2009,Christmas Day,recurring,global,NYMEX/COMEX+CME_EQ+EUREX,global,11,11,"cl1s,es1s,fesx1s,gc1s,hg1s,ho1s,ng1s,nq1s,pl1s,rb1s,si1s"
2010-01-01,2010,New Year's Day,recurring,global,NYMEX/COMEX+CME_EQ+EUREX,global,11,11,"cl1s,es1s,fesx1s,gc1s,hg1s,ho1s,ng1s,nq1s,pl1s,rb1s,si1s"
2010-01-18,2010,Martin Luther King Jr. Day,recurring,us_futures,NYMEX/COMEX+CME_EQ,exchange_specific,8,11,"cl1s,gc1s,hg1s,ho1s,ng1s,pl1s,rb1s,si1s"
2010-02-15,2010,Presidents' Day,recurring,us_futures,NYMEX/COMEX+CME_EQ,exchange_specific,8,11,"cl1s,gc1s,hg1s,ho1s,ng1s,pl1s,rb1s,si1s"
2010-04-02,2010,Good Friday,recurring,global,NYMEX/COMEX+CME_EQ+EUREX,mixed,9,11,"cl1s,fesx1s,gc1s,hg1s,ho1s,ng1s,pl1s,rb1s,si1s"
2010-04-05,2010,Easter Monday (Eurex),recurring,eurex,EUREX,exchange_specific,1,11,fesx1s
2010-05-31,2010,Memorial Day,recurring,us_futures,NYMEX/COMEX+CME_EQ,exchange_specific,8,11,"cl1s,gc1s,hg1s,ho1s,ng1s,pl1s,rb1s,si1s"
2010-07-05,2010,Independence Day,recurring,us_futures,NYMEX/COMEX+CME_EQ,exchange_specific,7,11,"gc1s,hg1s,ho1s,ng1s,pl1s,rb1s,si1s"
2010-09-06,2010,Labor Day,recurring,us_futures,NYMEX/COMEX+CME_EQ,exchange_specific,8,11,"cl1s,gc1s,hg1s,ho1s,ng1s,pl1s,rb1s,si1s"
2010-11-25,2010,Thanksgiving Day,recurring,us_futures,NYMEX/COMEX+CME_EQ,exchange_specific,7,11,"cl1s,gc1s,ho1s,ng1s,pl1s,rb1s,si1s"
2010-12-24,2010,Christmas Day,recurring,us_futures,NYMEX/COMEX+CME_EQ,global,11,11,"cl1s,es1s,fesx1s,gc1s,hg1s,ho1s,ng1s,nq1s,pl1s,rb1s,si1s"
2011-01-17,2011,Martin Luther King Jr. Day,recurring,us_futures,NYMEX/COMEX+CME_EQ,exchange_specific,8,11,"cl1s,gc1s,hg1s,ho1s,ng1s,pl1s,rb1s,si1s"
2011-04-22,2011,Good Friday,recurring,global,NYMEX/COMEX+CME_EQ+EUREX,global,11,11,"cl1s,es1s,fesx1s,gc1s,hg1s,ho1s,ng1s,nq1s,pl1s,rb1s,si1s"
2011-04-25,2011,Easter Monday (Eurex),recurring,eurex,EUREX,exchange_specific,1,11,fesx1s
2011-05-30,2011,Memorial Day,recurring,us_futures,NYMEX/COMEX+CME_EQ,exchange_specific,8,11,"cl1s,gc1s,hg1s,ho1s,ng1s,pl1s,rb1s,si1s"
2011-07-04,2011,Independence Day,recurring,us_futures,NYMEX/COMEX+CME_EQ,exchange_specific,8,11,"cl1s,gc1s,hg1s,ho1s,ng1s,pl1s,rb1s,si1s"
2011-09-05,2011,Labor Day,recurring,us_futures,NYMEX/COMEX+CME_EQ,exchange_specific,8,11,"cl1s,gc1s,hg1s,ho1s,ng1s,pl1s,rb1s,si1s"
2011-11-24,2011,Thanksgiving Day,recurring,us_futures,NYMEX/COMEX+CME_EQ,exchange_specific,8,11,"cl1s,gc1s,hg1s,ho1s,ng1s,pl1s,rb1s,si1s"
2011-12-26,2011,Christmas Day,recurring,global,NYMEX/COMEX+CME_EQ+EUREX,global,11,11,"cl1s,es1s,fesx1s,gc1s,hg1s,ho1s,ng1s,nq1s,pl1s,rb1s,si1s"
2012-01-02,2012,New Year's Day,recurring,us_futures,NYMEX/COMEX+CME_EQ,exchange_specific,10,11,"cl1s,es1s,gc1s,hg1s,ho1s,ng1s,nq1s,pl1s,rb1s,si1s"
2012-01-16,2012,Martin Luther King Jr. Day,recurring,us_futures,NYMEX/COMEX+CME_EQ,exchange_specific,8,11,"cl1s,gc1s,hg1s,ho1s,ng1s,pl1s,rb1s,si1s"
2012-02-20,2012,Presidents' Day,recurring,us_futures,NYMEX/COMEX+CME_EQ,exchange_specific,8,11,"cl1s,gc1s,hg1s,ho1s,ng1s,pl1s,rb1s,si1s"
2012-04-06,2012,Good Friday,recurring,global,NYMEX/COMEX+CME_EQ+EUREX,mixed,9,11,"cl1s,fesx1s,gc1s,hg1s,ho1s,ng1s,pl1s,rb1s,si1s"
2012-04-09,2012,Easter Monday (Eurex),recurring,eurex,EUREX,exchange_specific,1,11,fesx1s
2012-05-01,2012,Labour Day (Eurex),recurring,eurex,EUREX,exchange_specific,1,11,fesx1s
2012-05-28,2012,Memorial Day,recurring,us_futures,NYMEX/COMEX+CME_EQ,exchange_specific,8,11,"cl1s,gc1s,hg1s,ho1s,ng1s,pl1s,rb1s,si1s"
2012-07-04,2012,Independence Day,recurring,us_futures,NYMEX/COMEX+CME_EQ,exchange_specific,8,11,"cl1s,gc1s,hg1s,ho1s,ng1s,pl1s,rb1s,si1s"
2012-09-03,2012,Labor Day,recurring,us_futures,NYMEX/COMEX+CME_EQ,exchange_specific,8,11,"cl1s,gc1s,hg1s,ho1s,ng1s,pl1s,rb1s,si1s"
2012-11-22,2012,Thanksgiving Day,recurring,us_futures,NYMEX/COMEX+CME_EQ,exchange_specific,8,11,"cl1s,gc1s,hg1s,ho1s,ng1s,pl1s,rb1s,si1s"
2012-12-25,2012,Christmas Day,recurring,global,NYMEX/COMEX+CME_EQ+EUREX,global,11,11,"cl1s,es1s,fesx1s,gc1s,hg1s,ho1s,ng1s,nq1s,pl1s,rb1s,si1s"
2012-12-26,2012,Boxing Day (Eurex),recurring,eurex,EUREX,exchange_specific,1,11,fesx1s
2013-01-01,2013,New Year's Day,recurring,global,NYMEX/COMEX+CME_EQ+EUREX,global,11,11,"cl1s,es1s,fesx1s,gc1s,hg1s,ho1s,ng1s,nq1s,pl1s,rb1s,si1s"
2013-01-21,2013,Martin Luther King Jr. Day,recurring,us_futures,NYMEX/COMEX+CME_EQ,exchange_specific,8,11,"cl1s,gc1s,hg1s,ho1s,ng1s,pl1s,rb1s,si1s"
2013-02-18,2013,Presidents' Day,recurring,us_futures,NYMEX/COMEX+CME_EQ,exchange_specific,8,11,"cl1s,gc1s,hg1s,ho1s,ng1s,pl1s,rb1s,si1s"
2013-03-29,2013,Good Friday,recurring,global,NYMEX/COMEX+CME_EQ+EUREX,global,11,11,"cl1s,es1s,fesx1s,gc1s,hg1s,ho1s,ng1s,nq1s,pl1s,rb1s,si1s"
2013-04-01,2013,Easter Monday (Eurex),recurring,eurex,EUREX,exchange_specific,1,11,fesx1s
2013-05-01,2013,Labour Day (Eurex),recurring,eurex,EUREX,exchange_specific,1,11,fesx1s
2013-05-27,2013,Memorial Day,recurring,us_futures,NYMEX/COMEX+CME_EQ,exchange_specific,8,11,"cl1s,gc1s,hg1s,ho1s,ng1s,pl1s,rb1s,si1s"
2013-07-04,2013,Independence Day,recurring,us_futures,NYMEX/COMEX+CME_EQ,exchange_specific,8,11,"cl1s,gc1s,hg1s,ho1s,ng1s,pl1s,rb1s,si1s"
2013-09-02,2013,Labor Day,recurring,us_futures,NYMEX/COMEX+CME_EQ,exchange_specific,8,11,"cl1s,gc1s,hg1s,ho1s,ng1s,pl1s,rb1s,si1s"
2013-11-28,2013,Thanksgiving Day,recurring,us_futures,NYMEX/COMEX+CME_EQ,exchange_specific,8,11,"cl1s,gc1s,hg1s,ho1s,ng1s,pl1s,rb1s,si1s"
2013-12-25,2013,Christmas Day,recurring,global,NYMEX/COMEX+CME_EQ+EUREX,global,11,11,"cl1s,es1s,fesx1s,gc1s,hg1s,ho1s,ng1s,nq1s,pl1s,rb1s,si1s"
2013-12-26,2013,Boxing Day (Eurex),recurring,eurex,EUREX,exchange_specific,1,11,fesx1s
2014-01-01,2014,New Year's Day,recurring,global,NYMEX/COMEX+CME_EQ+EUREX,global,11,11,"cl1s,es1s,fesx1s,gc1s,hg1s,ho1s,ng1s,nq1s,pl1s,rb1s,si1s"
2014-01-20,2014,Martin Luther King Jr. Day,recurring,us_futures,NYMEX/COMEX+CME_EQ,exchange_specific,8,11,"cl1s,gc1s,hg1s,ho1s,ng1s,pl1s,rb1s,si1s"
2014-02-17,2014,Presidents' Day,recurring,us_futures,NYMEX/COMEX+CME_EQ,exchange_specific,8,11,"cl1s,gc1s,hg1s,ho1s,ng1s,pl1s,rb1s,si1s"
2014-04-18,2014,Good Friday,recurring,global,NYMEX/COMEX+CME_EQ+EUREX,global,11,11,"cl1s,es1s,fesx1s,gc1s,hg1s,ho1s,ng1s,nq1s,pl1s,rb1s,si1s"
2014-04-21,2014,Easter Monday (Eurex),recurring,eurex,EUREX,exchange_specific,1,11,fesx1s
2014-05-01,2014,Labour Day (Eurex),recurring,eurex,EUREX,exchange_specific,1,11,fesx1s
2014-05-26,2014,Memorial Day,recurring,us_futures,NYMEX/COMEX+CME_EQ,exchange_specific,8,11,"cl1s,gc1s,hg1s,ho1s,ng1s,pl1s,rb1s,si1s"
2014-07-04,2014,Independence Day,recurring,us_futures,NYMEX/COMEX+CME_EQ,exchange_specific,8,11,"cl1s,gc1s,hg1s,ho1s,ng1s,pl1s,rb1s,si1s"
2014-09-01,2014,Labor Day,recurring,us_futures,NYMEX/COMEX+CME_EQ,exchange_specific,8,11,"cl1s,gc1s,hg1s,ho1s,ng1s,pl1s,rb1s,si1s"
2014-11-27,2014,Thanksgiving Day,recurring,us_futures,NYMEX/COMEX+CME_EQ,exchange_specific,10,11,"cl1s,es1s,gc1s,hg1s,ho1s,ng1s,nq1s,pl1s,rb1s,si1s"
2014-12-25,2014,Christmas Day,recurring,global,NYMEX/COMEX+CME_EQ+EUREX,global,11,11,"cl1s,es1s,fesx1s,gc1s,hg1s,ho1s,ng1s,nq1s,pl1s,rb1s,si1s"
2014-12-26,2014,Boxing Day (Eurex),recurring,eurex,EUREX,exchange_specific,1,11,fesx1s
2015-01-01,2015,New Year's Day,recurring,global,NYMEX/COMEX+CME_EQ+EUREX,global,11,11,"cl1s,es1s,fesx1s,gc1s,hg1s,ho1s,ng1s,nq1s,pl1s,rb1s,si1s"
2015-01-19,2015,Martin Luther King Jr. Day,recurring,us_futures,NYMEX/COMEX+CME_EQ,exchange_specific,10,11,"cl1s,es1s,gc1s,hg1s,ho1s,ng1s,nq1s,pl1s,rb1s,si1s"
2015-02-16,2015,Presidents' Day,recurring,us_futures,NYMEX/COMEX+CME_EQ,exchange_specific,10,11,"cl1s,es1s,gc1s,hg1s,ho1s,ng1s,nq1s,pl1s,rb1s,si1s"
2015-04-03,2015,Good Friday,recurring,global,NYMEX/COMEX+CME_EQ+EUREX,mixed,9,11,"cl1s,fesx1s,gc1s,hg1s,ho1s,ng1s,pl1s,rb1s,si1s"
2015-04-06,2015,Easter Monday (Eurex),recurring,eurex,EUREX,exchange_specific,1,11,fesx1s
2015-05-01,2015,Labour Day (Eurex),recurring,eurex,EUREX,exchange_specific,1,11,fesx1s
2015-05-25,2015,Memorial Day,recurring,global,NYMEX/COMEX+CME_EQ+EUREX,global,11,11,"cl1s,es1s,fesx1s,gc1s,hg1s,ho1s,ng1s,nq1s,pl1s,rb1s,si1s"
2015-07-03,2015,Independence Day,recurring,us_futures,NYMEX/COMEX+CME_EQ,exchange_specific,10,11,"cl1s,es1s,gc1s,hg1s,ho1s,ng1s,nq1s,pl1s,rb1s,si1s"
2015-09-07,2015,Labor Day,recurring,us_futures,NYMEX/COMEX+CME_EQ,exchange_specific,10,11,"cl1s,es1s,gc1s,hg1s,ho1s,ng1s,nq1s,pl1s,rb1s,si1s"
2015-11-26,2015,Thanksgiving Day,recurring,us_futures,NYMEX/COMEX+CME_EQ,exchange_specific,10,11,"cl1s,es1s,gc1s,hg1s,ho1s,ng1s,nq1s,pl1s,rb1s,si1s"
2015-12-25,2015,Christmas Day,recurring,global,NYMEX/COMEX+CME_EQ+EUREX,global,11,11,"cl1s,es1s,fesx1s,gc1s,hg1s,ho1s,ng1s,nq1s,pl1s,rb1s,si1s"
2016-01-01,2016,New Year's Day,recurring,global,NYMEX/COMEX+CME_EQ+EUREX,global,11,11,"cl1s,es1s,fesx1s,gc1s,hg1s,ho1s,ng1s,nq1s,pl1s,rb1s,si1s"
2016-01-18,2016,Martin Luther King Jr. Day,recurring,us_futures,NYMEX/COMEX+CME_EQ,exchange_specific,10,11,"cl1s,es1s,gc1s,hg1s,ho1s,ng1s,nq1s,pl1s,rb1s,si1s"
2016-02-15,2016,Presidents' Day,recurring,us_futures,NYMEX/COMEX+CME_EQ,exchange_specific,10,11,"cl1s,es1s,gc1s,hg1s,ho1s,ng1s,nq1s,pl1s,rb1s,si1s"
2016-03-25,2016,Good Friday,recurring,global,NYMEX/COMEX+CME_EQ+EUREX,global,11,11,"cl1s,es1s,fesx1s,gc1s,hg1s,ho1s,ng1s,nq1s,pl1s,rb1s,si1s"
2016-03-28,2016,Easter Monday (Eurex),recurring,eurex,EUREX,exchange_specific,1,11,fesx1s
2016-05-30,2016,Memorial Day,recurring,us_futures,NYMEX/COMEX+CME_EQ,exchange_specific,10,11,"cl1s,es1s,gc1s,hg1s,ho1s,ng1s,nq1s,pl1s,rb1s,si1s"
2016-07-04,2016,Independence Day,recurring,us_futures,NYMEX/COMEX+CME_EQ,exchange_specific,10,11,"cl1s,es1s,gc1s,hg1s,ho1s,ng1s,nq1s,pl1s,rb1s,si1s"
2016-09-05,2016,Labor Day,recurring,us_futures,NYMEX/COMEX+CME_EQ,exchange_specific,10,11,"cl1s,es1s,gc1s,hg1s,ho1s,ng1s,nq1s,pl1s,rb1s,si1s"
2016-11-24,2016,Thanksgiving Day,recurring,us_futures,NYMEX/COMEX+CME_EQ,exchange_specific,10,11,"cl1s,es1s,gc1s,hg1s,ho1s,ng1s,nq1s,pl1s,rb1s,si1s"
2016-12-26,2016,Christmas Day,recurring,global,NYMEX/COMEX+CME_EQ+EUREX,global,11,11,"cl1s,es1s,fesx1s,gc1s,hg1s,ho1s,ng1s,nq1s,pl1s,rb1s,si1s"
2017-01-02,2017,New Year's Day,recurring,us_futures,NYMEX/COMEX+CME_EQ,exchange_specific,10,11,"cl1s,es1s,gc1s,hg1s,ho1s,ng1s,nq1s,pl1s,rb1s,si1s"
2017-01-16,2017,Martin Luther King Jr. Day,recurring,us_futures,NYMEX/COMEX+CME_EQ,exchange_specific,10,11,"cl1s,es1s,gc1s,hg1s,ho1s,ng1s,nq1s,pl1s,rb1s,si1s"
2017-02-20,2017,Presidents' Day,recurring,us_futures,NYMEX/COMEX+CME_EQ,exchange_specific,10,11,"cl1s,es1s,gc1s,hg1s,ho1s,ng1s,nq1s,pl1s,rb1s,si1s"
2017-04-14,2017,Good Friday,recurring,global,NYMEX/COMEX+CME_EQ+EUREX,global,11,11,"cl1s,es1s,fesx1s,gc1s,hg1s,ho1s,ng1s,nq1s,pl1s,rb1s,si1s"
2017-04-17,2017,Easter Monday (Eurex),recurring,eurex,EUREX,exchange_specific,1,11,fesx1s
2017-05-01,2017,Labour Day (Eurex),recurring,eurex,EUREX,exchange_specific,1,11,fesx1s
2017-05-29,2017,Memorial Day,recurring,us_futures,NYMEX/COMEX+CME_EQ,exchange_specific,10,11,"cl1s,es1s,gc1s,hg1s,ho1s,ng1s,nq1s,pl1s,rb1s,si1s"
2017-07-04,2017,Independence Day,recurring,us_futures,NYMEX/COMEX+CME_EQ,exchange_specific,10,11,"cl1s,es1s,gc1s,hg1s,ho1s,ng1s,nq1s,pl1s,rb1s,si1s"
2017-09-04,2017,Labor Day,recurring,us_futures,NYMEX/COMEX+CME_EQ,exchange_specific,10,11,"cl1s,es1s,gc1s,hg1s,ho1s,ng1s,nq1s,pl1s,rb1s,si1s"
2017-11-23,2017,Thanksgiving Day,recurring,us_futures,NYMEX/COMEX+CME_EQ,exchange_specific,10,11,"cl1s,es1s,gc1s,hg1s,ho1s,ng1s,nq1s,pl1s,rb1s,si1s"
2017-12-25,2017,Christmas Day,recurring,global,NYMEX/COMEX+CME_EQ+EUREX,global,11,11,"cl1s,es1s,fesx1s,gc1s,hg1s,ho1s,ng1s,nq1s,pl1s,rb1s,si1s"
2017-12-26,2017,Boxing Day (Eurex),recurring,eurex,EUREX,exchange_specific,1,11,fesx1s
2018-01-01,2018,New Year's Day,recurring,global,NYMEX/COMEX+CME_EQ+EUREX,global,11,11,"cl1s,es1s,fesx1s,gc1s,hg1s,ho1s,ng1s,nq1s,pl1s,rb1s,si1s"
2018-01-15,2018,Martin Luther King Jr. Day,recurring,us_futures,NYMEX/COMEX+CME_EQ,exchange_specific,10,11,"cl1s,es1s,gc1s,hg1s,ho1s,ng1s,nq1s,pl1s,rb1s,si1s"
2018-02-19,2018,Presidents' Day,recurring,us_futures,NYMEX/COMEX+CME_EQ,exchange_specific,10,11,"cl1s,es1s,gc1s,hg1s,ho1s,ng1s,nq1s,pl1s,rb1s,si1s"
2018-03-30,2018,Good Friday,recurring,global,NYMEX/COMEX+CME_EQ+EUREX,global,11,11,"cl1s,es1s,fesx1s,gc1s,hg1s,ho1s,ng1s,nq1s,pl1s,rb1s,si1s"
2018-04-02,2018,Easter Monday (Eurex),recurring,eurex,EUREX,exchange_specific,1,11,fesx1s
2018-05-01,2018,Labour Day (Eurex),recurring,eurex,EUREX,exchange_specific,1,11,fesx1s
2018-05-28,2018,Memorial Day,recurring,us_futures,NYMEX/COMEX+CME_EQ,exchange_specific,10,11,"cl1s,es1s,gc1s,hg1s,ho1s,ng1s,nq1s,pl1s,rb1s,si1s"
2018-07-04,2018,Independence Day,recurring,us_futures,NYMEX/COMEX+CME_EQ,exchange_specific,10,11,"cl1s,es1s,gc1s,hg1s,ho1s,ng1s,nq1s,pl1s,rb1s,si1s"
2018-09-03,2018,Labor Day,recurring,us_futures,NYMEX/COMEX+CME_EQ,exchange_specific,10,11,"cl1s,es1s,gc1s,hg1s,ho1s,ng1s,nq1s,pl1s,rb1s,si1s"
2018-11-22,2018,Thanksgiving Day,recurring,us_futures,NYMEX/COMEX+CME_EQ,exchange_specific,10,11,"cl1s,es1s,gc1s,hg1s,ho1s,ng1s,nq1s,pl1s,rb1s,si1s"
2018-12-25,2018,Christmas Day,recurring,global,NYMEX/COMEX+CME_EQ+EUREX,global,11,11,"cl1s,es1s,fesx1s,gc1s,hg1s,ho1s,ng1s,nq1s,pl1s,rb1s,si1s"
2018-12-26,2018,Boxing Day (Eurex),recurring,eurex,EUREX,exchange_specific,1,11,fesx1s
2019-01-01,2019,New Year's Day,recurring,global,NYMEX/COMEX+CME_EQ+EUREX,global,11,11,"cl1s,es1s,fesx1s,gc1s,hg1s,ho1s,ng1s,nq1s,pl1s,rb1s,si1s"
2019-01-21,2019,Martin Luther King Jr. Day,recurring,us_futures,NYMEX/COMEX+CME_EQ,exchange_specific,10,11,"cl1s,es1s,gc1s,hg1s,ho1s,ng1s,nq1s,pl1s,rb1s,si1s"
2019-02-18,2019,Presidents' Day,recurring,us_futures,NYMEX/COMEX+CME_EQ,exchange_specific,10,11,"cl1s,es1s,gc1s,hg1s,ho1s,ng1s,nq1s,pl1s,rb1s,si1s"
2019-04-19,2019,Good Friday,recurring,global,NYMEX/COMEX+CME_EQ+EUREX,global,11,11,"cl1s,es1s,fesx1s,gc1s,hg1s,ho1s,ng1s,nq1s,pl1s,rb1s,si1s"
2019-04-22,2019,Easter Monday (Eurex),recurring,eurex,EUREX,exchange_specific,1,11,fesx1s
2019-05-01,2019,Labour Day (Eurex),recurring,eurex,EUREX,exchange_specific,1,11,fesx1s
2019-05-27,2019,Memorial Day,recurring,us_futures,NYMEX/COMEX+CME_EQ,exchange_specific,10,11,"cl1s,es1s,gc1s,hg1s,ho1s,ng1s,nq1s,pl1s,rb1s,si1s"
2019-07-04,2019,Independence Day,recurring,us_futures,NYMEX/COMEX+CME_EQ,exchange_specific,10,11,"cl1s,es1s,gc1s,hg1s,ho1s,ng1s,nq1s,pl1s,rb1s,si1s"
2019-09-02,2019,Labor Day,recurring,us_futures,NYMEX/COMEX+CME_EQ,exchange_specific,10,11,"cl1s,es1s,gc1s,hg1s,ho1s,ng1s,nq1s,pl1s,rb1s,si1s"
2019-11-28,2019,Thanksgiving Day,recurring,us_futures,NYMEX/COMEX+CME_EQ,exchange_specific,10,11,"cl1s,es1s,gc1s,hg1s,ho1s,ng1s,nq1s,pl1s,rb1s,si1s"
2019-12-25,2019,Christmas Day,recurring,global,NYMEX/COMEX+CME_EQ+EUREX,global,11,11,"cl1s,es1s,fesx1s,gc1s,hg1s,ho1s,ng1s,nq1s,pl1s,rb1s,si1s"
2019-12-26,2019,Boxing Day (Eurex),recurring,eurex,EUREX,exchange_specific,1,11,fesx1s
2020-01-01,2020,New Year's Day,recurring,global,NYMEX/COMEX+CME_EQ+EUREX,global,11,11,"cl1s,es1s,fesx1s,gc1s,hg1s,ho1s,ng1s,nq1s,pl1s,rb1s,si1s"
2020-01-20,2020,Martin Luther King Jr. Day,recurring,us_futures,NYMEX/COMEX+CME_EQ,exchange_specific,10,11,"cl1s,es1s,gc1s,hg1s,ho1s,ng1s,nq1s,pl1s,rb1s,si1s"
2020-02-17,2020,Presidents' Day,recurring,us_futures,NYMEX/COMEX+CME_EQ,exchange_specific,10,11,"cl1s,es1s,gc1s,hg1s,ho1s,ng1s,nq1s,pl1s,rb1s,si1s"
2020-04-10,2020,Good Friday,recurring,global,NYMEX/COMEX+CME_EQ+EUREX,global,11,11,"cl1s,es1s,fesx1s,gc1s,hg1s,ho1s,ng1s,nq1s,pl1s,rb1s,si1s"
2020-04-13,2020,Easter Monday (Eurex),recurring,eurex,EUREX,exchange_specific,1,11,fesx1s
2020-05-01,2020,Labour Day (Eurex),recurring,eurex,EUREX,exchange_specific,1,11,fesx1s
2020-05-25,2020,Memorial Day,recurring,us_futures,NYMEX/COMEX+CME_EQ,exchange_specific,10,11,"cl1s,es1s,gc1s,hg1s,ho1s,ng1s,nq1s,pl1s,rb1s,si1s"
2020-07-03,2020,Independence Day,recurring,us_futures,NYMEX/COMEX+CME_EQ,exchange_specific,10,11,"cl1s,es1s,gc1s,hg1s,ho1s,ng1s,nq1s,pl1s,rb1s,si1s"
2020-09-07,2020,Labor Day,recurring,us_futures,NYMEX/COMEX+CME_EQ,exchange_specific,10,11,"cl1s,es1s,gc1s,hg1s,ho1s,ng1s,nq1s,pl1s,rb1s,si1s"
2020-11-26,2020,Thanksgiving Day,recurring,us_futures,NYMEX/COMEX+CME_EQ,exchange_specific,10,11,"cl1s,es1s,gc1s,hg1s,ho1s,ng1s,nq1s,pl1s,rb1s,si1s"
2020-12-25,2020,Christmas Day,recurring,global,NYMEX/COMEX+CME_EQ+EUREX,global,11,11,"cl1s,es1s,fesx1s,gc1s,hg1s,ho1s,ng1s,nq1s,pl1s,rb1s,si1s"
2021-01-01,2021,New Year's Day,recurring,global,NYMEX/COMEX+CME_EQ+EUREX,global,11,11,"cl1s,es1s,fesx1s,gc1s,hg1s,ho1s,ng1s,nq1s,pl1s,rb1s,si1s"
2021-01-18,2021,Martin Luther King Jr. Day,recurring,us_futures,NYMEX/COMEX+CME_EQ,exchange_specific,10,11,"cl1s,es1s,gc1s,hg1s,ho1s,ng1s,nq1s,pl1s,rb1s,si1s"
2021-02-15,2021,Presidents' Day,recurring,us_futures,NYMEX/COMEX+CME_EQ,exchange_specific,10,11,"cl1s,es1s,gc1s,hg1s,ho1s,ng1s,nq1s,pl1s,rb1s,si1s"
2021-04-02,2021,Good Friday,recurring,global,NYMEX/COMEX+CME_EQ+EUREX,mixed,9,11,"cl1s,fesx1s,gc1s,hg1s,ho1s,ng1s,pl1s,rb1s,si1s"
2021-04-05,2021,Easter Monday (Eurex),recurring,eurex,EUREX,exchange_specific,1,11,fesx1s
2021-05-31,2021,Memorial Day,recurring,us_futures,NYMEX/COMEX+CME_EQ,exchange_specific,10,11,"cl1s,es1s,gc1s,hg1s,ho1s,ng1s,nq1s,pl1s,rb1s,si1s"
2021-07-05,2021,Independence Day,recurring,us_futures,NYMEX/COMEX+CME_EQ,exchange_specific,10,11,"cl1s,es1s,gc1s,hg1s,ho1s,ng1s,nq1s,pl1s,rb1s,si1s"
2021-09-06,2021,Labor Day,recurring,us_futures,NYMEX/COMEX+CME_EQ,exchange_specific,10,11,"cl1s,es1s,gc1s,hg1s,ho1s,ng1s,nq1s,pl1s,rb1s,si1s"
2021-11-25,2021,Thanksgiving Day,recurring,us_futures,NYMEX/COMEX+CME_EQ,exchange_specific,10,11,"cl1s,es1s,gc1s,hg1s,ho1s,ng1s,nq1s,pl1s,rb1s,si1s"
2021-12-24,2021,Christmas Day,recurring,us_futures,NYMEX/COMEX+CME_EQ,global,11,11,"cl1s,es1s,fesx1s,gc1s,hg1s,ho1s,ng1s,nq1s,pl1s,rb1s,si1s"
2022-01-17,2022,Martin Luther King Jr. Day,recurring,us_futures,NYMEX/COMEX+CME_EQ,exchange_specific,10,11,"cl1s,es1s,gc1s,hg1s,ho1s,ng1s,nq1s,pl1s,rb1s,si1s"
2022-02-21,2022,Presidents' Day,recurring,us_futures,NYMEX/COMEX+CME_EQ,exchange_specific,10,11,"cl1s,es1s,gc1s,hg1s,ho1s,ng1s,nq1s,pl1s,rb1s,si1s"
2022-04-15,2022,Good Friday,recurring,global,NYMEX/COMEX+CME_EQ+EUREX,global,11,11,"cl1s,es1s,fesx1s,gc1s,hg1s,ho1s,ng1s,nq1s,pl1s,rb1s,si1s"
2022-04-18,2022,Easter Monday (Eurex),recurring,eurex,EUREX,exchange_specific,1,11,fesx1s
2022-05-30,2022,Memorial Day,recurring,us_futures,NYMEX/COMEX+CME_EQ,exchange_specific,10,11,"cl1s,es1s,gc1s,hg1s,ho1s,ng1s,nq1s,pl1s,rb1s,si1s"
2022-06-20,2022,Juneteenth,recurring,us_futures,NYMEX/COMEX+CME_EQ,exchange_specific,10,11,"cl1s,es1s,gc1s,hg1s,ho1s,ng1s,nq1s,pl1s,rb1s,si1s"
